Год;Квартал;Федеральный округ;Регион;Количество страхователей, тыс. ед.;
2016;4;Дальневосточный Федеральный округ;Амурская область;20465,0;
2016;4;Дальневосточный Федеральный округ;Еврейская автономная область;4203,0;
2016;4;Дальневосточный Федеральный округ;Камчатский край;12596,0;
2016;4;Дальневосточный Федеральный округ;Магаданская область;5370,0;
2016;4;Дальневосточный Федеральный округ;Приморский край;78253,0;
2016;4;Дальневосточный Федеральный округ;Республика Саха (Якутия);28181,0;
2016;4;Дальневосточный Федеральный округ;Сахалинская область;19576,0;
2016;4;Дальневосточный Федеральный округ;Хабаровский край;49060,0;
2016;4;Приволжский Федеральный округ;Кировская область;42171,0;
2016;4;Приволжский Федеральный округ;Нижегородская область;119073,0;
2016;4;Приволжский Федеральный округ;Оренбургская область;46623,0;
2016;4;Приволжский Федеральный округ;Пензенская область;35319,0;
2016;4;Приволжский Федеральный округ;Пермский край;94426,0;
2016;4;Приволжский Федеральный округ;Республика Башкортостан;101211,0;
2016;4;Приволжский Федеральный округ;Республика Марий Эл;18574,0;
2016;4;Приволжский Федеральный округ;Республика Мордовия;18424,0;
2016;4;Приволжский Федеральный округ;Республика Татарстан;144203,0;
2016;4;Приволжский Федеральный округ;Самарская область;121866,0;
2016;4;Приволжский Федеральный округ;Саратовская область;59091,0;
2016;4;Приволжский Федеральный округ;Удмуртская республика;47973,0;
2016;4;Приволжский Федеральный округ;Ульяновская область;35702,0;
2016;4;Приволжский Федеральный округ;Чувашская республика;29930,0;
2016;4;Северо-Западный Федеральный округ;Архангельская область;28487,0;
2016;4;Северо-Западный Федеральный округ;Вологодская область;50915,0;
2016;4;Северо-Западный Федеральный округ;Калининградская область;60347,0;
2016;4;Северо-Западный Федеральный округ;Ленинградская область;40476,0;
2016;4;Северо-Западный Федеральный округ;Мурманская область;20727,0;
2016;4;Северо-Западный Федеральный округ;Ненецкий автономный округ;1209,0;
2016;4;Северо-Западный Федеральный округ;Новгородская область;17824,0;
2016;4;Северо-Западный Федеральный округ;Псковская область;17425,0;
2016;4;Северо-Западный Федеральный округ;Республика Карелия;26026,0;
2016;4;Северо-Западный Федеральный округ;Республика Коми;25537,0;
2016;4;Северо-Западный Федеральный округ;Санкт-Петербург;362920,0;
2016;4;Северо-Кавказский Федеральный округ;Кабардино-Балкарская республика;12778,0;
2016;4;Северо-Кавказский Федеральный округ;Республика Дагестан;34800,0;
2016;4;Северо-Кавказский Федеральный округ;Республика Ингушетия;5553,0;
2016;4;Северо-Кавказский Федеральный округ;Республика Карачаево-Черкесия;7431,0;
2016;4;Северо-Кавказский Федеральный округ;Республика Северная Осетия - Алания;11240,0;
2016;4;Северо-Кавказский Федеральный округ;Ставропольский край;61151,0;
2016;4;Северо-Кавказский Федеральный округ;Чеченская республика;10657,0;
2016;4;Сибирский Федеральный округ;Алтайский край;65919,0;
2016;4;Сибирский Федеральный округ;Забайкальский край;20863,0;
2016;4;Сибирский Федеральный округ;Иркутская область;70521,0;
2016;4;Сибирский Федеральный округ;Кемеровская область;58538,0;
2016;4;Сибирский Федеральный округ;Красноярский край;91217,0;
2016;4;Сибирский Федеральный округ;Новосибирская область;134156,0;
2016;4;Сибирский Федеральный округ;Омская область;54512,0;
2016;4;Сибирский Федеральный округ;Республика Алтай;7167,0;
2016;4;Сибирский Федеральный округ;Республика Бурятия;23515,0;
2016;4;Сибирский Федеральный округ;Республика Тыва;4534,0;
2016;4;Сибирский Федеральный округ;Республика Хакасия;14255,0;
2016;4;Сибирский Федеральный округ;Томская область;38109,0;
2016;4;Уральский Федеральный округ;Курганская область;19748,0;
2016;4;Уральский Федеральный округ;Свердловская область;182344,0;
2016;4;Уральский Федеральный округ;Тюменская область;50658,0;
2016;4;Уральский Федеральный округ;Ханты-Мансийский автономный округ Югра;45626,0;
2016;4;Уральский Федеральный округ;Челябинская область;115150,0;
2016;4;Уральский Федеральный округ;Ямало-Ненецкий автономный округ;14443,0;
2016;4;Центральный Федеральный округ;Белгородская область;45432,0;
2016;4;Центральный Федеральный округ;Брянская область;24181,0;
2016;4;Центральный Федеральный округ;Владимирская область;40450,0;
2016;4;Центральный Федеральный округ;Воронежская область;68717,0;
2016;4;Центральный Федеральный округ;Ивановская область;40240,0;
2016;4;Центральный Федеральный округ;Калужская область;30995,0;
2016;4;Центральный Федеральный округ;Костромская область;21448,0;
2016;4;Центральный Федеральный округ;Курская область;27775,0;
2016;4;Центральный Федеральный округ;Липецкая область;26651,0;
2016;4;Центральный Федеральный округ;Москва;1004225,0;
2016;4;Центральный Федеральный округ;Московская область;271617,0;
2016;4;Центральный Федеральный округ;Орловская область;19766,0;
2016;4;Центральный Федеральный округ;Рязанская область;37158,0;
2016;4;Центральный Федеральный округ;Смоленская область;31156,0;
2016;4;Центральный Федеральный округ;Тамбовская область;22510,0;
2016;4;Центральный Федеральный округ;Тверская область;41142,0;
2016;4;Центральный Федеральный округ;Тульская область;42642,0;
2016;4;Центральный Федеральный округ;Ярославская область;52171,0;
2016;4;Центральный федеральный округ;ЦА ФСС РФ;0,0;
2016;4;Южный Федеральный округ;Астраханская область;24028,0;
2016;4;Южный Федеральный округ;Волгоградская область;60005,0;
2016;4;Южный Федеральный округ;Краснодарский край;181036,0;
2016;4;Южный Федеральный округ;Республика Адыгея;10260,0;
2016;4;Южный Федеральный округ;Республика Калмыкия;5940,0;
2016;4;Южный Федеральный округ;Республика Крым;48217,0;
2016;4;Южный Федеральный округ;Ростовская область;109460,0;
2016;4;Южный Федеральный округ;Севастополь;14203,0;
2017;1;Дальневосточный Федеральный округ;Амурская область;19686,0;
2017;1;Дальневосточный Федеральный округ;Еврейская автономная область;4096,0;
2017;1;Дальневосточный Федеральный округ;Камчатский край;12294,0;
2017;1;Дальневосточный Федеральный округ;Магаданская область;5254,0;
2017;1;Дальневосточный Федеральный округ;Приморский край;75651,0;
2017;1;Дальневосточный Федеральный округ;Республика Саха (Якутия);27778,0;
2017;1;Дальневосточный Федеральный округ;Сахалинская область;19312,0;
2017;1;Дальневосточный Федеральный округ;Хабаровский край;48172,0;
2017;1;Дальневосточный Федеральный округ;Чукотский автономный округ;1167,0;
2017;1;Приволжский Федеральный округ;Кировская область;41802,0;
2017;1;Приволжский Федеральный округ;Нижегородская область;116163,0;
2017;1;Приволжский Федеральный округ;Оренбургская область;45363,0;
2017;1;Приволжский Федеральный округ;Пензенская область;34926,0;
2017;1;Приволжский Федеральный округ;Пермский край;93089,0;
2017;1;Приволжский Федеральный округ;Республика Башкортостан;99058,0;
2017;1;Приволжский Федеральный округ;Республика Марий Эл;17897,0;
2017;1;Приволжский Федеральный округ;Республика Мордовия;18414,0;
2017;1;Приволжский Федеральный округ;Республика Татарстан;142684,0;
2017;1;Приволжский Федеральный округ;Самарская область;120717,0;
2017;1;Приволжский Федеральный округ;Саратовская область;58735,0;
2017;1;Приволжский Федеральный округ;Удмуртская республика;46976,0;
2017;1;Приволжский Федеральный округ;Ульяновская область;34847,0;
2017;1;Приволжский Федеральный округ;Чувашская республика;29625,0;
2017;1;Северо-Западный Федеральный округ;Архангельская область;27697,0;
2017;1;Северо-Западный Федеральный округ;Вологодская область;50144,0;
2017;1;Северо-Западный Федеральный округ;Калининградская область;60329,0;
2017;1;Северо-Западный Федеральный округ;Ленинградская область;39741,0;
2017;1;Северо-Западный Федеральный округ;Мурманская область;20721,0;
2017;1;Северо-Западный Федеральный округ;Ненецкий автономный округ;1180,0;
2017;1;Северо-Западный Федеральный округ;Новгородская область;17629,0;
2017;1;Северо-Западный Федеральный округ;Псковская область;17463,0;
2017;1;Северо-Западный Федеральный округ;Республика Карелия;25690,0;
2017;1;Северо-Западный Федеральный округ;Республика Коми;24532,0;
2017;1;Северо-Западный Федеральный округ;Санкт-Петербург;359837,0;
2017;1;Северо-Кавказский Федеральный округ;Кабардино-Балкарская республика;13400,0;
2017;1;Северо-Кавказский Федеральный округ;Республика Дагестан;34110,0;
2017;1;Северо-Кавказский Федеральный округ;Республика Ингушетия;5616,0;
2017;1;Северо-Кавказский Федеральный округ;Республика Карачаево-Черкесия;7340,0;
2017;1;Северо-Кавказский Федеральный округ;Республика Северная Осетия - Алания;11089,0;
2017;1;Северо-Кавказский Федеральный округ;Ставропольский край;60443,0;
2017;1;Северо-Кавказский Федеральный округ;Чеченская республика;10514,0;
2017;1;Сибирский Федеральный округ;Алтайский край;65429,0;
2017;1;Сибирский Федеральный округ;Забайкальский край;20485,0;
2017;1;Сибирский Федеральный округ;Иркутская область;69446,0;
2017;1;Сибирский Федеральный округ;Кемеровская область;56677,0;
2017;1;Сибирский Федеральный округ;Красноярский край;90150,0;
2017;1;Сибирский Федеральный округ;Новосибирская область;132342,0;
2017;1;Сибирский Федеральный округ;Омская область;53061,0;
2017;1;Сибирский Федеральный округ;Республика Алтай;7071,0;
2017;1;Сибирский Федеральный округ;Республика Бурятия;23205,0;
2017;1;Сибирский Федеральный округ;Республика Тыва;4509,0;
2017;1;Сибирский Федеральный округ;Республика Хакасия;14115,0;
2017;1;Сибирский Федеральный округ;Томская область;38259,0;
2017;1;Уральский Федеральный округ;Курганская область;19883,0;
2017;1;Уральский Федеральный округ;Свердловская область;182026,0;
2017;1;Уральский Федеральный округ;Тюменская область;50914,0;
2017;1;Уральский Федеральный округ;Ханты-Мансийский автономный округ Югра;45007,0;
2017;1;Уральский Федеральный округ;Челябинская область;111975,0;
2017;1;Уральский Федеральный округ;Ямало-Ненецкий автономный округ;14284,0;
2017;1;Центральный Федеральный округ;Белгородская область;45627,0;
2017;1;Центральный Федеральный округ;Брянская область;24043,0;
2017;1;Центральный Федеральный округ;Владимирская область;39171,0;
2017;1;Центральный Федеральный округ;Воронежская область;67351,0;
2017;1;Центральный Федеральный округ;Ивановская область;39705,0;
2017;1;Центральный Федеральный округ;Калужская область;30508,0;
2017;1;Центральный Федеральный округ;Костромская область;21285,0;
2017;1;Центральный Федеральный округ;Курская область;27342,0;
2017;1;Центральный Федеральный округ;Липецкая область;26688,0;
2017;1;Центральный Федеральный округ;Москва;1004491,0;
2017;1;Центральный Федеральный округ;Московская область;270326,0;
2017;1;Центральный Федеральный округ;Орловская область;18594,0;
2017;1;Центральный Федеральный округ;Рязанская область;36589,0;
2017;1;Центральный Федеральный округ;Смоленская область;30936,0;
2017;1;Центральный Федеральный округ;Тамбовская область;22351,0;
2017;1;Центральный Федеральный округ;Тверская область;40395,0;
2017;1;Центральный Федеральный округ;Тульская область;42364,0;
2017;1;Центральный Федеральный округ;Ярославская область;51346,0;
2017;1;Центральный федеральный округ;ЦА ФСС РФ;0,0;
2017;1;Южный Федеральный округ;Астраханская область;23426,0;
2017;1;Южный Федеральный округ;Волгоградская область;58883,0;
2017;1;Южный Федеральный округ;Краснодарский край;181025,0;
2017;1;Южный Федеральный округ;Республика Адыгея;9776,0;
2017;1;Южный Федеральный округ;Республика Калмыкия;5826,0;
2017;1;Южный Федеральный округ;Республика Крым;49008,0;
2017;1;Южный Федеральный округ;Ростовская область;108575,0;
2017;1;Южный Федеральный округ;Севастополь;48481,0;
2017;2;Дальневосточный Федеральный округ;Амурская область;20031,0;
2017;2;Дальневосточный Федеральный округ;Еврейская автономная область;3985,0;
2017;2;Дальневосточный Федеральный округ;Камчатский край;12286,0;
2017;2;Дальневосточный Федеральный округ;Магаданская область;5293,0;
2017;2;Дальневосточный Федеральный округ;Приморский край;75659,0;
2017;2;Дальневосточный Федеральный округ;Республика Саха (Якутия);27654,0;
2017;2;Дальневосточный Федеральный округ;Сахалинская область;19270,0;
2017;2;Дальневосточный Федеральный округ;Хабаровский край;47728,0;
2017;2;Дальневосточный Федеральный округ;Чукотский автономный округ;1170,0;
2017;2;Приволжский Федеральный округ;Кировская область;41582,0;
2017;2;Приволжский Федеральный округ;Нижегородская область;114943,0;
2017;2;Приволжский Федеральный округ;Оренбургская область;45146,0;
2017;2;Приволжский Федеральный округ;Пензенская область;34818,0;
2017;2;Приволжский Федеральный округ;Пермский край;92663,0;
2017;2;Приволжский Федеральный округ;Республика Башкортостан;99292,0;
2017;2;Приволжский Федеральный округ;Республика Марий Эл;17256,0;
2017;2;Приволжский Федеральный округ;Республика Мордовия;18445,0;
2017;2;Приволжский Федеральный округ;Республика Татарстан;140434,0;
2017;2;Приволжский Федеральный округ;Самарская область;121314,0;
2017;2;Приволжский Федеральный округ;Саратовская область;58512,0;
2017;2;Приволжский Федеральный округ;Удмуртская республика;47079,0;
2017;2;Приволжский Федеральный округ;Ульяновская область;34600,0;
2017;2;Приволжский Федеральный округ;Чувашская республика;29647,0;
2017;2;Северо-Западный Федеральный округ;Архангельская область;28105,0;
2017;2;Северо-Западный Федеральный округ;Вологодская область;48937,0;
2017;2;Северо-Западный Федеральный округ;Калининградская область;59914,0;
2017;2;Северо-Западный Федеральный округ;Ленинградская область;39724,0;
2017;2;Северо-Западный Федеральный округ;Мурманская область;20702,0;
2017;2;Северо-Западный Федеральный округ;Ненецкий автономный округ;1178,0;
2017;2;Северо-Западный Федеральный округ;Новгородская область;17387,0;
2017;2;Северо-Западный Федеральный округ;Псковская область;17479,0;
2017;2;Северо-Западный Федеральный округ;Республика Карелия;25392,0;
2017;2;Северо-Западный Федеральный округ;Республика Коми;24411,0;
2017;2;Северо-Западный Федеральный округ;Санкт-Петербург;363833,0;
2017;2;Северо-Кавказский Федеральный округ;Кабардино-Балкарская республика;13450,0;
2017;2;Северо-Кавказский Федеральный округ;Республика Дагестан;34855,0;
2017;2;Северо-Кавказский Федеральный округ;Республика Ингушетия;5513,0;
2017;2;Северо-Кавказский Федеральный округ;Республика Карачаево-Черкесия;7351,0;
2017;2;Северо-Кавказский Федеральный округ;Республика Северная Осетия - Алания;10604,0;
2017;2;Северо-Кавказский Федеральный округ;Ставропольский край;60092,0;
2017;2;Северо-Кавказский Федеральный округ;Чеченская республика;10578,0;
2017;2;Сибирский Федеральный округ;Алтайский край;65000,0;
2017;2;Сибирский Федеральный округ;Забайкальский край;20360,0;
2017;2;Сибирский Федеральный округ;Иркутская область;69249,0;
2017;2;Сибирский Федеральный округ;Кемеровская область;56322,0;
2017;2;Сибирский Федеральный округ;Красноярский край;90646,0;
2017;2;Сибирский Федеральный округ;Новосибирская область;131358,0;
2017;2;Сибирский Федеральный округ;Омская область;53504,0;
2017;2;Сибирский Федеральный округ;Республика Алтай;7115,0;
2017;2;Сибирский Федеральный округ;Республика Бурятия;23351,0;
2017;2;Сибирский Федеральный округ;Республика Тыва;4519,0;
2017;2;Сибирский Федеральный округ;Республика Хакасия;13738,0;
2017;2;Сибирский Федеральный округ;Томская область;36901,0;
2017;2;Уральский Федеральный округ;Курганская область;18970,0;
2017;2;Уральский Федеральный округ;Свердловская область;182572,0;
2017;2;Уральский Федеральный округ;Тюменская область;51305,0;
2017;2;Уральский Федеральный округ;Ханты-Мансийский автономный округ Югра;41918,0;
2017;2;Уральский Федеральный округ;Челябинская область;111542,0;
2017;2;Уральский Федеральный округ;Ямало-Ненецкий автономный округ;14244,0;
2017;2;Центральный Федеральный округ;Белгородская область;45877,0;
2017;2;Центральный Федеральный округ;Брянская область;23804,0;
2017;2;Центральный Федеральный округ;Владимирская область;39133,0;
2017;2;Центральный Федеральный округ;Воронежская область;66659,0;
2017;2;Центральный Федеральный округ;Ивановская область;39438,0;
2017;2;Центральный Федеральный округ;Калужская область;30627,0;
2017;2;Центральный Федеральный округ;Костромская область;21204,0;
2017;2;Центральный Федеральный округ;Курская область;27241,0;
2017;2;Центральный Федеральный округ;Липецкая область;26816,0;
2017;2;Центральный Федеральный округ;Москва;1025355,0;
2017;2;Центральный Федеральный округ;Московская область;271636,0;
2017;2;Центральный Федеральный округ;Орловская область;18430,0;
2017;2;Центральный Федеральный округ;Рязанская область;36544,0;
2017;2;Центральный Федеральный округ;Смоленская область;31342,0;
2017;2;Центральный Федеральный округ;Тамбовская область;22493,0;
2017;2;Центральный Федеральный округ;Тверская область;40402,0;
2017;2;Центральный Федеральный округ;Тульская область;41949,0;
2017;2;Центральный Федеральный округ;Ярославская область;50518,0;
2017;2;Центральный федеральный округ;ЦА ФСС РФ;0,0;
2017;2;Южный Федеральный округ;Астраханская область;23386,0;
2017;2;Южный Федеральный округ;Волгоградская область;58407,0;
2017;2;Южный Федеральный округ;Краснодарский край;184219,0;
2017;2;Южный Федеральный округ;Республика Адыгея;9842,0;
2017;2;Южный Федеральный округ;Республика Калмыкия;5764,0;
2017;2;Южный Федеральный округ;Республика Крым;49987,0;
2017;2;Южный Федеральный округ;Ростовская область;108707,0;
2017;2;Южный Федеральный округ;Севастополь;14844,0;
2017;3;Дальневосточный Федеральный округ;Амурская область;19773,0;
2017;3;Дальневосточный Федеральный округ;Еврейская автономная область;4012,0;
2017;3;Дальневосточный Федеральный округ;Камчатский край;12194,0;
2017;3;Дальневосточный Федеральный округ;Магаданская область;5235,0;
2017;3;Дальневосточный Федеральный округ;Приморский край;75628,0;
2017;3;Дальневосточный Федеральный округ;Республика Саха (Якутия);27191,0;
2017;3;Дальневосточный Федеральный округ;Сахалинская область;19196,0;
2017;3;Дальневосточный Федеральный округ;Хабаровский край;47060,0;
2017;3;Дальневосточный Федеральный округ;Чукотский автономный округ;1170,0;
2017;3;Приволжский Федеральный округ;Кировская область;41114,0;
2017;3;Приволжский Федеральный округ;Нижегородская область;111750,0;
2017;3;Приволжский Федеральный округ;Оренбургская область;45046,0;
2017;3;Приволжский Федеральный округ;Пензенская область;34805,0;
2017;3;Приволжский Федеральный округ;Пермский край;91412,0;
2017;3;Приволжский Федеральный округ;Республика Башкортостан;99214,0;
2017;3;Приволжский Федеральный округ;Республика Марий Эл;16932,0;
2017;3;Приволжский Федеральный округ;Республика Мордовия;18107,0;
2017;3;Приволжский Федеральный округ;Республика Татарстан;133071,0;
2017;3;Приволжский Федеральный округ;Самарская область;119749,0;
2017;3;Приволжский Федеральный округ;Саратовская область;58080,0;
2017;3;Приволжский Федеральный округ;Удмуртская республика;45596,0;
2017;3;Приволжский Федеральный округ;Ульяновская область;34096,0;
2017;3;Приволжский Федеральный округ;Чувашская республика;28904,0;
2017;3;Северо-Западный Федеральный округ;Архангельская область;27669,0;
2017;3;Северо-Западный Федеральный округ;Вологодская область;47131,0;
2017;3;Северо-Западный Федеральный округ;Калининградская область;59576,0;
2017;3;Северо-Западный Федеральный округ;Ленинградская область;39783,0;
2017;3;Северо-Западный Федеральный округ;Мурманская область;20446,0;
2017;3;Северо-Западный Федеральный округ;Ненецкий автономный округ;1186,0;
2017;3;Северо-Западный Федеральный округ;Новгородская область;17233,0;
2017;3;Северо-Западный Федеральный округ;Псковская область;17374,0;
2017;3;Северо-Западный Федеральный округ;Республика Карелия;25460,0;
2017;3;Северо-Западный Федеральный округ;Республика Коми;24341,0;
2017;3;Северо-Западный Федеральный округ;Санкт-Петербург;362460,0;
2017;3;Северо-Кавказский Федеральный округ;Кабардино-Балкарская республика;13389,0;
2017;3;Северо-Кавказский Федеральный округ;Республика Дагестан;34100,0;
2017;3;Северо-Кавказский Федеральный округ;Республика Ингушетия;5504,0;
2017;3;Северо-Кавказский Федеральный округ;Республика Карачаево-Черкесия;7364,0;
2017;3;Северо-Кавказский Федеральный округ;Республика Северная Осетия - Алания;10392,0;
2017;3;Северо-Кавказский Федеральный округ;Ставропольский край;59694,0;
2017;3;Северо-Кавказский Федеральный округ;Чеченская республика;10527,0;
2017;3;Сибирский Федеральный округ;Алтайский край;64022,0;
2017;3;Сибирский Федеральный округ;Забайкальский край;19862,0;
2017;3;Сибирский Федеральный округ;Иркутская область;69347,0;
2017;3;Сибирский Федеральный округ;Кемеровская область;55627,0;
2017;3;Сибирский Федеральный округ;Красноярский край;90662,0;
2017;3;Сибирский Федеральный округ;Новосибирская область;130722,0;
2017;3;Сибирский Федеральный округ;Омская область;52493,0;
2017;3;Сибирский Федеральный округ;Республика Алтай;7082,0;
2017;3;Сибирский Федеральный округ;Республика Бурятия;23368,0;
2017;3;Сибирский Федеральный округ;Республика Тыва;4555,0;
2017;3;Сибирский Федеральный округ;Республика Хакасия;13276,0;
2017;3;Сибирский Федеральный округ;Томская область;36214,0;
2017;3;Уральский Федеральный округ;Курганская область;18614,0;
2017;3;Уральский Федеральный округ;Свердловская область;180161,0;
2017;3;Уральский Федеральный округ;Тюменская область;51649,0;
2017;3;Уральский Федеральный округ;Ханты-Мансийский автономный округ Югра;40794,0;
2017;3;Уральский Федеральный округ;Челябинская область;110400,0;
2017;3;Уральский Федеральный округ;Ямало-Ненецкий автономный округ;13933,0;
2017;3;Центральный Федеральный округ;Белгородская область;45962,0;
2017;3;Центральный Федеральный округ;Брянская область;23062,0;
2017;3;Центральный Федеральный округ;Владимирская область;38841,0;
2017;3;Центральный Федеральный округ;Воронежская область;66533,0;
2017;3;Центральный Федеральный округ;Ивановская область;38605,0;
2017;3;Центральный Федеральный округ;Калужская область;30506,0;
2017;3;Центральный Федеральный округ;Костромская область;21093,0;
2017;3;Центральный Федеральный округ;Курская область;26577,0;
2017;3;Центральный Федеральный округ;Липецкая область;26698,0;
2017;3;Центральный Федеральный округ;Москва;1018799,0;
2017;3;Центральный Федеральный округ;Московская область;270033,0;
2017;3;Центральный Федеральный округ;Орловская область;18421,0;
2017;3;Центральный Федеральный округ;Рязанская область;35835,0;
2017;3;Центральный Федеральный округ;Смоленская область;31658,0;
2017;3;Центральный Федеральный округ;Тамбовская область;22243,0;
2017;3;Центральный Федеральный округ;Тверская область;40377,0;
2017;3;Центральный Федеральный округ;Тульская область;41998,0;
2017;3;Центральный Федеральный округ;Ярославская область;50608,0;
2017;3;Центральный федеральный округ;ЦА ФСС РФ;0,0;
2017;3;Южный Федеральный округ;Астраханская область;23365,0;
2017;3;Южный Федеральный округ;Волгоградская область;57748,0;
2017;3;Южный Федеральный округ;Краснодарский край;182752,0;
2017;3;Южный Федеральный округ;Республика Адыгея;9882,0;
2017;3;Южный Федеральный округ;Республика Калмыкия;5723,0;
2017;3;Южный Федеральный округ;Республика Крым;50616,0;
2017;3;Южный Федеральный округ;Ростовская область;109620,0;
2017;3;Южный Федеральный округ;Севастополь;15057,0;
2017;4;Дальневосточный Федеральный округ;Амурская область;19510,0;
2017;4;Дальневосточный Федеральный округ;Еврейская автономная область;4020,0;
2017;4;Дальневосточный Федеральный округ;Камчатский край;12200,0;
2017;4;Дальневосточный Федеральный округ;Магаданская область;5165,0;
2017;4;Дальневосточный Федеральный округ;Приморский край;75617,0;
2017;4;Дальневосточный Федеральный округ;Республика Саха (Якутия);27115,0;
2017;4;Дальневосточный Федеральный округ;Сахалинская область;18788,0;
2017;4;Дальневосточный Федеральный округ;Хабаровский край;46537,0;
2017;4;Дальневосточный Федеральный округ;Чукотский автономный округ;1173,0;
2017;4;Приволжский Федеральный округ;Кировская область;40812,0;
2017;4;Приволжский Федеральный округ;Нижегородская область;109509,0;
2017;4;Приволжский Федеральный округ;Оренбургская область;44972,0;
2017;4;Приволжский Федеральный округ;Пензенская область;34776,0;
2017;4;Приволжский Федеральный округ;Пермский край;89740,0;
2017;4;Приволжский Федеральный округ;Республика Башкортостан;97421,0;
2017;4;Приволжский Федеральный округ;Республика Марий Эл;16933,0;
2017;4;Приволжский Федеральный округ;Республика Мордовия;18070,0;
2017;4;Приволжский Федеральный округ;Республика Татарстан;131365,0;
2017;4;Приволжский Федеральный округ;Самарская область;116745,0;
2017;4;Приволжский Федеральный округ;Саратовская область;57445,0;
2017;4;Приволжский Федеральный округ;Удмуртская республика;44759,0;
2017;4;Приволжский Федеральный округ;Ульяновская область;33790,0;
2017;4;Приволжский Федеральный округ;Чувашская республика;29077,0;
2017;4;Северо-Западный Федеральный округ;Архангельская область;27621,0;
2017;4;Северо-Западный Федеральный округ;Вологодская область;45901,0;
2017;4;Северо-Западный Федеральный округ;Калининградская область;58328,0;
2017;4;Северо-Западный Федеральный округ;Ленинградская область;39988,0;
2017;4;Северо-Западный Федеральный округ;Мурманская область;20406,0;
2017;4;Северо-Западный Федеральный округ;Ненецкий автономный округ;1173,0;
2017;4;Северо-Западный Федеральный округ;Новгородская область;17048,0;
2017;4;Северо-Западный Федеральный округ;Псковская область;17483,0;
2017;4;Северо-Западный Федеральный округ;Республика Карелия;24529,0;
2017;4;Северо-Западный Федеральный округ;Республика Коми;24061,0;
2017;4;Северо-Западный Федеральный округ;Санкт-Петербург;353224,0;
2017;4;Северо-Кавказский Федеральный округ;Кабардино-Балкарская республика;13477,0;
2017;4;Северо-Кавказский Федеральный округ;Республика Дагестан;33302,0;
2017;4;Северо-Кавказский Федеральный округ;Республика Ингушетия;5555,0;
2017;4;Северо-Кавказский Федеральный округ;Республика Карачаево-Черкесия;7566,0;
2017;4;Северо-Кавказский Федеральный округ;Республика Северная Осетия - Алания;10163,0;
2017;4;Северо-Кавказский Федеральный округ;Ставропольский край;58998,0;
2017;4;Северо-Кавказский Федеральный округ;Чеченская республика;10578,0;
2017;4;Сибирский Федеральный округ;Алтайский край;63564,0;
2017;4;Сибирский Федеральный округ;Забайкальский край;19881,0;
2017;4;Сибирский Федеральный округ;Иркутская область;68396,0;
2017;4;Сибирский Федеральный округ;Кемеровская область;55311,0;
2017;4;Сибирский Федеральный округ;Красноярский край;89050,0;
2017;4;Сибирский Федеральный округ;Новосибирская область;129039,0;
2017;4;Сибирский Федеральный округ;Омская область;52224,0;
2017;4;Сибирский Федеральный округ;Республика Алтай;7049,0;
2017;4;Сибирский Федеральный округ;Республика Бурятия;23384,0;
2017;4;Сибирский Федеральный округ;Республика Тыва;4589,0;
2017;4;Сибирский Федеральный округ;Республика Хакасия;12893,0;
2017;4;Сибирский Федеральный округ;Томская область;36424,0;
2017;4;Уральский Федеральный округ;Курганская область;18336,0;
2017;4;Уральский Федеральный округ;Свердловская область;171885,0;
2017;4;Уральский Федеральный округ;Тюменская область;51204,0;
2017;4;Уральский Федеральный округ;Ханты-Мансийский автономный округ Югра;40727,0;
2017;4;Уральский Федеральный округ;Челябинская область;109977,0;
2017;4;Уральский Федеральный округ;Ямало-Ненецкий автономный округ;13748,0;
2017;4;Центральный Федеральный округ;Белгородская область;46698,0;
2017;4;Центральный Федеральный округ;Брянская область;23004,0;
2017;4;Центральный Федеральный округ;Владимирская область;38420,0;
2017;4;Центральный Федеральный округ;Воронежская область;66312,0;
2017;4;Центральный Федеральный округ;Ивановская область;37957,0;
2017;4;Центральный Федеральный округ;Калужская область;30561,0;
2017;4;Центральный Федеральный округ;Костромская область;20992,0;
2017;4;Центральный Федеральный округ;Курская область;26463,0;
2017;4;Центральный Федеральный округ;Липецкая область;26591,0;
2017;4;Центральный Федеральный округ;Москва;982377,0;
2017;4;Центральный Федеральный округ;Московская область;268035,0;
2017;4;Центральный Федеральный округ;Орловская область;18420,0;
2017;4;Центральный Федеральный округ;Рязанская область;35135,0;
2017;4;Центральный Федеральный округ;Смоленская область;31744,0;
2017;4;Центральный Федеральный округ;Тамбовская область;22314,0;
2017;4;Центральный Федеральный округ;Тверская область;40154,0;
2017;4;Центральный Федеральный округ;Тульская область;41189,0;
2017;4;Центральный Федеральный округ;Ярославская область;50638,0;
2017;4;Центральный федеральный округ;ЦА ФСС РФ;0,0;
2017;4;Южный Федеральный округ;Астраханская область;23055,0;
2017;4;Южный Федеральный округ;Волгоградская область;57003,0;
2017;4;Южный Федеральный округ;Краснодарский край;178987,0;
2017;4;Южный Федеральный округ;Республика Адыгея;10092,0;
2017;4;Южный Федеральный округ;Республика Калмыкия;5504,0;
2017;4;Южный Федеральный округ;Республика Крым;51215,0;
2017;4;Южный Федеральный округ;Ростовская область;108979,0;
2017;4;Южный Федеральный округ;Севастополь;15262,0;
2018;1;Дальневосточный Федеральный округ;Амурская область;19363,0;
2018;1;Дальневосточный Федеральный округ;Еврейская автономная область;3987,0;
2018;1;Дальневосточный Федеральный округ;Камчатский край;12142,0;
2018;1;Дальневосточный Федеральный округ;Магаданская область;4933,0;
2018;1;Дальневосточный Федеральный округ;Приморский край;74420,0;
2018;1;Дальневосточный Федеральный округ;Республика Саха (Якутия);26898,0;
2018;1;Дальневосточный Федеральный округ;Сахалинская область;18756,0;
2018;1;Дальневосточный Федеральный округ;Хабаровский край;45812,0;
2018;1;Дальневосточный Федеральный округ;Чукотский автономный округ;1181,0;
2018;1;Приволжский Федеральный округ;Кировская область;40262,0;
2018;1;Приволжский Федеральный округ;Нижегородская область;108066,0;
2018;1;Приволжский Федеральный округ;Оренбургская область;44660,0;
2018;1;Приволжский Федеральный округ;Пензенская область;34492,0;
2018;1;Приволжский Федеральный округ;Пермский край;88532,0;
2018;1;Приволжский Федеральный округ;Республика Башкортостан;96354,0;
2018;1;Приволжский Федеральный округ;Республика Марий Эл;16843,0;
2018;1;Приволжский Федеральный округ;Республика Мордовия;17746,0;
2018;1;Приволжский Федеральный округ;Республика Татарстан;130217,0;
2018;1;Приволжский Федеральный округ;Самарская область;114599,0;
2018;1;Приволжский Федеральный округ;Саратовская область;57025,0;
2018;1;Приволжский Федеральный округ;Удмуртская республика;44003,0;
2018;1;Приволжский Федеральный округ;Ульяновская область;33720,0;
2018;1;Приволжский Федеральный округ;Чувашская республика;28898,0;
2018;1;Северо-Западный Федеральный округ;Архангельская область;27247,0;
2018;1;Северо-Западный Федеральный округ;Вологодская область;45245,0;
2018;1;Северо-Западный Федеральный округ;Калининградская область;56741,0;
2018;1;Северо-Западный Федеральный округ;Ленинградская область;39861,0;
2018;1;Северо-Западный Федеральный округ;Мурманская область;20037,0;
2018;1;Северо-Западный Федеральный округ;Ненецкий автономный округ;1172,0;
2018;1;Северо-Западный Федеральный округ;Новгородская область;16460,0;
2018;1;Северо-Западный Федеральный округ;Псковская область;17540,0;
2018;1;Северо-Западный Федеральный округ;Республика Карелия;23749,0;
2018;1;Северо-Западный Федеральный округ;Республика Коми;23682,0;
2018;1;Северо-Западный Федеральный округ;Санкт-Петербург;343625,0;
2018;1;Северо-Кавказский Федеральный округ;Кабардино-Балкарская республика;13405,0;
2018;1;Северо-Кавказский Федеральный округ;Республика Дагестан;32970,0;
2018;1;Северо-Кавказский Федеральный округ;Республика Ингушетия;5498,0;
2018;1;Северо-Кавказский Федеральный округ;Республика Карачаево-Черкесия;7602,0;
2018;1;Северо-Кавказский Федеральный округ;Республика Северная Осетия - Алания;10270,0;
2018;1;Северо-Кавказский Федеральный округ;Ставропольский край;57704,0;
2018;1;Северо-Кавказский Федеральный округ;Чеченская республика;10657,0;
2018;1;Сибирский Федеральный округ;Алтайский край;62875,0;
2018;1;Сибирский Федеральный округ;Забайкальский край;19720,0;
2018;1;Сибирский Федеральный округ;Иркутская область;67393,0;
2018;1;Сибирский Федеральный округ;Кемеровская область;54181,0;
2018;1;Сибирский Федеральный округ;Красноярский край;88616,0;
2018;1;Сибирский Федеральный округ;Новосибирская область;128459,0;
2018;1;Сибирский Федеральный округ;Омская область;51899,0;
2018;1;Сибирский Федеральный округ;Республика Алтай;6974,0;
2018;1;Сибирский Федеральный округ;Республика Бурятия;23375,0;
2018;1;Сибирский Федеральный округ;Республика Тыва;4614,0;
2018;1;Сибирский Федеральный округ;Республика Хакасия;12672,0;
2018;1;Сибирский Федеральный округ;Томская область;36215,0;
2018;1;Уральский Федеральный округ;Курганская область;18084,0;
2018;1;Уральский Федеральный округ;Свердловская область;169113,0;
2018;1;Уральский Федеральный округ;Тюменская область;50998,0;
2018;1;Уральский Федеральный округ;Ханты-Мансийский автономный округ Югра;40536,0;
2018;1;Уральский Федеральный округ;Челябинская область;108602,0;
2018;1;Уральский Федеральный округ;Ямало-Ненецкий автономный округ;13503,0;
2018;1;Центральный Федеральный округ;Белгородская область;45967,0;
2018;1;Центральный Федеральный округ;Брянская область;22755,0;
2018;1;Центральный Федеральный округ;Владимирская область;37896,0;
2018;1;Центральный Федеральный округ;Воронежская область;65837,0;
2018;1;Центральный Федеральный округ;Ивановская область;37380,0;
2018;1;Центральный Федеральный округ;Калужская область;30209,0;
2018;1;Центральный Федеральный округ;Костромская область;20565,0;
2018;1;Центральный Федеральный округ;Курская область;26267,0;
2018;1;Центральный Федеральный округ;Липецкая область;26314,0;
2018;1;Центральный Федеральный округ;Москва;951731,0;
2018;1;Центральный Федеральный округ;Московская область;263823,0;
2018;1;Центральный Федеральный округ;Орловская область;18098,0;
2018;1;Центральный Федеральный округ;Рязанская область;34667,0;
2018;1;Центральный Федеральный округ;Смоленская область;31563,0;
2018;1;Центральный Федеральный округ;Тамбовская область;22264,0;
2018;1;Центральный Федеральный округ;Тверская область;39608,0;
2018;1;Центральный Федеральный округ;Тульская область;40920,0;
2018;1;Центральный Федеральный округ;Ярославская область;50158,0;
2018;1;Центральный федеральный округ;ЦА ФСС РФ;0,0;
2018;1;Южный Федеральный округ;Астраханская область;22664,0;
2018;1;Южный Федеральный округ;Волгоградская область;56633,0;
2018;1;Южный Федеральный округ;Краснодарский край;177752,0;
2018;1;Южный Федеральный округ;Республика Адыгея;10064,0;
2018;1;Южный Федеральный округ;Республика Калмыкия;5471,0;
2018;1;Южный Федеральный округ;Республика Крым;51414,0;
2018;1;Южный Федеральный округ;Ростовская область;108923,0;
2018;1;Южный Федеральный округ;Севастополь;15330,0;
2018;2;Дальневосточный Федеральный округ;Амурская область;19279,0;
2018;2;Дальневосточный Федеральный округ;Еврейская автономная область;3898,0;
2018;2;Дальневосточный Федеральный округ;Камчатский край;12180,0;
2018;2;Дальневосточный Федеральный округ;Магаданская область;4929,0;
2018;2;Дальневосточный Федеральный округ;Приморский край;74629,0;
2018;2;Дальневосточный Федеральный округ;Республика Саха (Якутия);26953,0;
2018;2;Дальневосточный Федеральный округ;Сахалинская область;18664,0;
2018;2;Дальневосточный Федеральный округ;Хабаровский край;45764,0;
2018;2;Дальневосточный Федеральный округ;Чукотский автономный округ;1198,0;
2018;2;Приволжский Федеральный округ;Кировская область;39921,0;
2018;2;Приволжский Федеральный округ;Нижегородская область;106888,0;
2018;2;Приволжский Федеральный округ;Оренбургская область;44416,0;
2018;2;Приволжский Федеральный округ;Пензенская область;34315,0;
2018;2;Приволжский Федеральный округ;Пермский край;86780,0;
2018;2;Приволжский Федеральный округ;Республика Башкортостан;96455,0;
2018;2;Приволжский Федеральный округ;Республика Марий Эл;16811,0;
2018;2;Приволжский Федеральный округ;Республика Мордовия;17523,0;
2018;2;Приволжский Федеральный округ;Республика Татарстан;130798,0;
2018;2;Приволжский Федеральный округ;Самарская область;115190,0;
2018;2;Приволжский Федеральный округ;Саратовская область;56790,0;
2018;2;Приволжский Федеральный округ;Удмуртская республика;43374,0;
2018;2;Приволжский Федеральный округ;Ульяновская область;33606,0;
2018;2;Приволжский Федеральный округ;Чувашская республика;28994,0;
2018;2;Северо-Западный Федеральный округ;Архангельская область;27004,0;
2018;2;Северо-Западный Федеральный округ;Вологодская область;45036,0;
2018;2;Северо-Западный Федеральный округ;Калининградская область;55445,0;
2018;2;Северо-Западный Федеральный округ;Ленинградская область;39926,0;
2018;2;Северо-Западный Федеральный округ;Мурманская область;19910,0;
2018;2;Северо-Западный Федеральный округ;Ненецкий автономный округ;1179,0;
2018;2;Северо-Западный Федеральный округ;Новгородская область;16303,0;
2018;2;Северо-Западный Федеральный округ;Псковская область;17548,0;
2018;2;Северо-Западный Федеральный округ;Республика Карелия;23726,0;
2018;2;Северо-Западный Федеральный округ;Республика Коми;23317,0;
2018;2;Северо-Западный Федеральный округ;Санкт-Петербург;340657,0;
2018;2;Северо-Кавказский Федеральный округ;Кабардино-Балкарская республика;13375,0;
2018;2;Северо-Кавказский Федеральный округ;Республика Дагестан;32720,0;
2018;2;Северо-Кавказский Федеральный округ;Республика Ингушетия;5517,0;
2018;2;Северо-Кавказский Федеральный округ;Республика Карачаево-Черкесия;7685,0;
2018;2;Северо-Кавказский Федеральный округ;Республика Северная Осетия - Алания;10400,0;
2018;2;Северо-Кавказский Федеральный округ;Ставропольский край;56616,0;
2018;2;Северо-Кавказский Федеральный округ;Чеченская республика;10793,0;
2018;2;Сибирский Федеральный округ;Алтайский край;62040,0;
2018;2;Сибирский Федеральный округ;Забайкальский край;19552,0;
2018;2;Сибирский Федеральный округ;Иркутская область;67208,0;
2018;2;Сибирский Федеральный округ;Кемеровская область;53934,0;
2018;2;Сибирский Федеральный округ;Красноярский край;88300,0;
2018;2;Сибирский Федеральный округ;Новосибирская область;128394,0;
2018;2;Сибирский Федеральный округ;Омская область;51856,0;
2018;2;Сибирский Федеральный округ;Республика Алтай;6934,0;
2018;2;Сибирский Федеральный округ;Республика Бурятия;23515,0;
2018;2;Сибирский Федеральный округ;Республика Тыва;4581,0;
2018;2;Сибирский Федеральный округ;Республика Хакасия;12605,0;
2018;2;Сибирский Федеральный округ;Томская область;36031,0;
2018;2;Уральский Федеральный округ;Курганская область;17955,0;
2018;2;Уральский Федеральный округ;Свердловская область;168048,0;
2018;2;Уральский Федеральный округ;Тюменская область;51161,0;
2018;2;Уральский Федеральный округ;Ханты-Мансийский автономный округ Югра;40438,0;
2018;2;Уральский Федеральный округ;Челябинская область;107809,0;
2018;2;Уральский Федеральный округ;Ямало-Ненецкий автономный округ;13066,0;
2018;2;Центральный Федеральный округ;Белгородская область;45021,0;
2018;2;Центральный Федеральный округ;Брянская область;22601,0;
2018;2;Центральный Федеральный округ;Владимирская область;37559,0;
2018;2;Центральный Федеральный округ;Воронежская область;65093,0;
2018;2;Центральный Федеральный округ;Ивановская область;36602,0;
2018;2;Центральный Федеральный округ;Калужская область;30086,0;
2018;2;Центральный Федеральный округ;Костромская область;20288,0;
2018;2;Центральный Федеральный округ;Курская область;26057,0;
2018;2;Центральный Федеральный округ;Липецкая область;26138,0;
2018;2;Центральный Федеральный округ;Москва;932674,0;
2018;2;Центральный Федеральный округ;Московская область;263065,0;
2018;2;Центральный Федеральный округ;Орловская область;17873,0;
2018;2;Центральный Федеральный округ;Рязанская область;34121,0;
2018;2;Центральный Федеральный округ;Смоленская область;31521,0;
2018;2;Центральный Федеральный округ;Тамбовская область;22019,0;
2018;2;Центральный Федеральный округ;Тверская область;39328,0;
2018;2;Центральный Федеральный округ;Тульская область;40872,0;
2018;2;Центральный Федеральный округ;Ярославская область;49416,0;
2018;2;Центральный федеральный округ;ЦА ФСС РФ;0,0;
2018;2;Южный Федеральный округ;Астраханская область;22166,0;
2018;2;Южный Федеральный округ;Волгоградская область;55902,0;
2018;2;Южный Федеральный округ;Краснодарский край;175198,0;
2018;2;Южный Федеральный округ;Республика Адыгея;10129,0;
2018;2;Южный Федеральный округ;Республика Калмыкия;5381,0;
2018;2;Южный Федеральный округ;Республика Крым;51957,0;
2018;2;Южный Федеральный округ;Ростовская область;109109,0;
2018;2;Южный Федеральный округ;Севастополь;15392,0;
2018;3;Дальневосточный Федеральный округ;Амурская область;19459,0;
2018;3;Дальневосточный Федеральный округ;Еврейская автономная область;3788,0;
2018;3;Дальневосточный Федеральный округ;Камчатский край;12122,0;
2018;3;Дальневосточный Федеральный округ;Магаданская область;4918,0;
2018;3;Дальневосточный Федеральный округ;Приморский край;74196,0;
2018;3;Дальневосточный Федеральный округ;Республика Саха (Якутия);26873,0;
2018;3;Дальневосточный Федеральный округ;Сахалинская область;18617,0;
2018;3;Дальневосточный Федеральный округ;Хабаровский край;45822,0;
2018;3;Дальневосточный Федеральный округ;Чукотский автономный округ;1191,0;
2018;3;Приволжский Федеральный округ;Кировская область;39583,0;
2018;3;Приволжский Федеральный округ;Нижегородская область;106103,0;
2018;3;Приволжский Федеральный округ;Оренбургская область;44057,0;
2018;3;Приволжский Федеральный округ;Пензенская область;33938,0;
2018;3;Приволжский Федеральный округ;Пермский край;85817,0;
2018;3;Приволжский Федеральный округ;Республика Башкортостан;97012,0;
2018;3;Приволжский Федеральный округ;Республика Марий Эл;16538,0;
2018;3;Приволжский Федеральный округ;Республика Мордовия;17469,0;
2018;3;Приволжский Федеральный округ;Республика Татарстан;131531,0;
2018;3;Приволжский Федеральный округ;Самарская область;115820,0;
2018;3;Приволжский Федеральный округ;Саратовская область;56788,0;
2018;3;Приволжский Федеральный округ;Удмуртская республика;43259,0;
2018;3;Приволжский Федеральный округ;Ульяновская область;33514,0;
2018;3;Приволжский Федеральный округ;Чувашская республика;29020,0;
2018;3;Северо-Западный Федеральный округ;Архангельская область;26878,0;
2018;3;Северо-Западный Федеральный округ;Вологодская область;44863,0;
2018;3;Северо-Западный Федеральный округ;Калининградская область;55022,0;
2018;3;Северо-Западный Федеральный округ;Ленинградская область;40052,0;
2018;3;Северо-Западный Федеральный округ;Мурманская область;19412,0;
2018;3;Северо-Западный Федеральный округ;Ненецкий автономный округ;1178,0;
2018;3;Северо-Западный Федеральный округ;Новгородская область;16109,0;
2018;3;Северо-Западный Федеральный округ;Псковская область;17456,0;
2018;3;Северо-Западный Федеральный округ;Республика Карелия;23535,0;
2018;3;Северо-Западный Федеральный округ;Республика Коми;23153,0;
2018;3;Северо-Западный Федеральный округ;Санкт-Петербург;340335,0;
2018;3;Северо-Кавказский Федеральный округ;Кабардино-Балкарская республика;13232,0;
2018;3;Северо-Кавказский Федеральный округ;Республика Дагестан;32843,0;
2018;3;Северо-Кавказский Федеральный округ;Республика Ингушетия;5706,0;
2018;3;Северо-Кавказский Федеральный округ;Республика Карачаево-Черкесия;7696,0;
2018;3;Северо-Кавказский Федеральный округ;Республика Северная Осетия - Алания;10260,0;
2018;3;Северо-Кавказский Федеральный округ;Ставропольский край;56547,0;
2018;3;Северо-Кавказский Федеральный округ;Чеченская республика;10720,0;
2018;3;Сибирский Федеральный округ;Алтайский край;61374,0;
2018;3;Сибирский Федеральный округ;Забайкальский край;19342,0;
2018;3;Сибирский Федеральный округ;Иркутская область;66662,0;
2018;3;Сибирский Федеральный округ;Кемеровская область;53549,0;
2018;3;Сибирский Федеральный округ;Красноярский край;88589,0;
2018;3;Сибирский Федеральный округ;Новосибирская область;128491,0;
2018;3;Сибирский Федеральный округ;Омская область;51393,0;
2018;3;Сибирский Федеральный округ;Республика Алтай;6787,0;
2018;3;Сибирский Федеральный округ;Республика Бурятия;23378,0;
2018;3;Сибирский Федеральный округ;Республика Тыва;4557,0;
2018;3;Сибирский Федеральный округ;Республика Хакасия;12469,0;
2018;3;Сибирский Федеральный округ;Томская область;36115,0;
2018;3;Уральский Федеральный округ;Курганская область;17864,0;
2018;3;Уральский Федеральный округ;Свердловская область;166809,0;
2018;3;Уральский Федеральный округ;Тюменская область;51350,0;
2018;3;Уральский Федеральный округ;Ханты-Мансийский автономный округ Югра;40297,0;
2018;3;Уральский Федеральный округ;Челябинская область;107242,0;
2018;3;Уральский Федеральный округ;Ямало-Ненецкий автономный округ;13006,0;
2018;3;Центральный Федеральный округ;Белгородская область;44812,0;
2018;3;Центральный Федеральный округ;Брянская область;22428,0;
2018;3;Центральный Федеральный округ;Владимирская область;37387,0;
2018;3;Центральный Федеральный округ;Воронежская область;64529,0;
2018;3;Центральный Федеральный округ;Ивановская область;36582,0;
2018;3;Центральный Федеральный округ;Калужская область;29890,0;
2018;3;Центральный Федеральный округ;Костромская область;20074,0;
2018;3;Центральный Федеральный округ;Курская область;25758,0;
2018;3;Центральный Федеральный округ;Липецкая область;26048,0;
2018;3;Центральный Федеральный округ;Москва;916605,0;
2018;3;Центральный Федеральный округ;Московская область;249449,0;
2018;3;Центральный Федеральный округ;Орловская область;17850,0;
2018;3;Центральный Федеральный округ;Рязанская область;34048,0;
2018;3;Центральный Федеральный округ;Смоленская область;31634,0;
2018;3;Центральный Федеральный округ;Тамбовская область;22006,0;
2018;3;Центральный Федеральный округ;Тверская область;38904,0;
2018;3;Центральный Федеральный округ;Тульская область;40532,0;
2018;3;Центральный Федеральный округ;Ярославская область;48803,0;
2018;3;Центральный федеральный округ;ЦА ФСС РФ;0,0;
2018;3;Южный Федеральный округ;Астраханская область;22015,0;
2018;3;Южный Федеральный округ;Волгоградская область;55206,0;
2018;3;Южный Федеральный округ;Краснодарский край;174467,0;
2018;3;Южный Федеральный округ;Республика Адыгея;10217,0;
2018;3;Южный Федеральный округ;Республика Калмыкия;5418,0;
2018;3;Южный Федеральный округ;Республика Крым;52592,0;
2018;3;Южный Федеральный округ;Ростовская область;109121,0;
2018;3;Южный Федеральный округ;Севастополь;15510,0;
